{"usd":{"id":69,"Code":"840","Ccy":"USD","CcyNm_RU":"\u0414\u043e\u043b\u043b\u0430\u0440 \u0421\u0428\u0410","CcyNm_UZ":"AQSH dollari","CcyNm_UZC":"\u0410\u049a\u0428 \u0434\u043e\u043b\u043b\u0430\u0440\u0438","CcyNm_EN":"US Dollar","Nominal":"1","Rate":"10942.58","Diff":"-17.54","Date":"04.08.2022"},"eur":{"id":21,"Code":"978","Ccy":"EUR","CcyNm_RU":"\u0415\u0432\u0440\u043e","CcyNm_UZ":"EVRO","CcyNm_UZC":"E\u0412\u0420\u041e","CcyNm_EN":"Euro","Nominal":"1","Rate":"11146.11","Diff":"-74.86","Date":"04.08.2022"},"rub":{"id":57,"Code":"643","Ccy":"RUB","CcyNm_RU":"\u0420\u043e\u0441\u0441\u0438\u0439\u0441\u043a\u0438\u0439 \u0440\u0443\u0431\u043b\u044c","CcyNm_UZ":"Rossiya rubli","CcyNm_UZC":"\u0420\u043e\u0441\u0441\u0438\u044f \u0440\u0443\u0431\u043b\u0438","CcyNm_EN":"Russian Ruble","Nominal":"1","Rate":"180.87","Diff":"-1.42","Date":"04.08.2022"},"cny":{"id":15,"Code":"156","Ccy":"CNY","CcyNm_RU":"\u042e\u0430\u043d\u044c \u0440\u0435\u043d\u043c\u0438\u043d\u0431\u0438","CcyNm_UZ":"Xitoy yuani","CcyNm_UZC":"\u0425\u0438\u0442\u043e\u0439 \u044e\u0430\u043d\u0438","CcyNm_EN":"Yuan Renminbi","Nominal":"1","Rate":"1620.14","Diff":"-1.59","Date":"04.08.2022"}}